second_name,first_name,birthdate,city,password
Абрамов,Роберт,2010-01-01,Воткинск,example1
Ткачев,Марк,2010-01-01,Видное,example1
Комарова,Милана,2010-01-01,Набережные,example1
Новикова,Виктория,2010-01-01,Краснокаменск,example1
Кузьмин,Константин,2010-01-01,Ессентуки,example1
Поздняков,Егор,2010-01-01,Чебоксары,example1
Кравцов,Александр,2010-01-01,Кисловодск,example1
Латышева,София,2010-01-01,Таганрог,example1
Зотова,Алиса,2010-01-01,Сочи,example1
Воронова,Полина,2010-01-01,Краснокамск,example1
Соколова,Елизавета,2010-01-01,Краснодар,example1
Кузнецова,Вероника,2010-01-01,Павлово,example1
Аксенова,Ярослава,2010-01-01,Нижнекамск,example1
Суворова,Полина,2010-01-01,Тихвин,example1
Мухина,Екатерина,2010-01-01,Белгород,example1
Савельева,Елизавета,2010-01-01,Уфа,example1
Самсонов,Матвей,2010-01-01,Азов,example1
Смирнова,Елизавета,2010-01-01,Хасавюрт,example1
Крылова,Евгения,2010-01-01,Архангельск,example1
Николаева,Анастасия,2010-01-01,Выборг,example1
Алексеев,Владислав,2010-01-01,Междуреченск,example1
Андреева,Юлия,2010-01-01,Новосибирск,example1
Самойлова,Виктория,2010-01-01,Санкт-Петербург,example1
Андреева,Екатерина,2010-01-01,Ноябрьск,example1
Сорокин,Роман,2010-01-01,Ростов-на-Дону,example1
Сафонова,Василиса,2010-01-01,Великие,example1
Зотов,Даниил,2010-01-01,Артем,example1
Степанов,Всеволод,2010-01-01,Дзержинск,example1
Андреев,Платон,2010-01-01,Бор,example1
Щербаков,Михаил,2010-01-01,Брянск,example1
Гришина,Милана,2010-01-01,Таганрог,example1
Шестаков,Алексей,2010-01-01,Хабаровск,example1
Шевцова,Кира,2010-01-01,Сальск,example1
Егорова,Варвара,2010-01-01,Ленинск-Кузнецкий,example1
Бобров,Максим,2010-01-01,Ржев,example1
Воронина,Александра,2010-01-01,Ейск,example1
Сидоров,Никита,2010-01-01,Новоуральск,example1
Федотов,Иван,2010-01-01,Ханты-Мансийск,example1
Васильева,Алиса,2010-01-01,Раменское,example1
Колосова,Кира,2010-01-01,Бузулук,example1
Федорова,Алина,2010-01-01,Железногорск,example1
Калугин,Дмитрий,2010-01-01,Урус-Мартан,example1
Муратова,Алёна,2010-01-01,Клинцы,example1
Смирнов,Ян,2010-01-01,Энгельс,example1
Молчанов,Илья,2010-01-01,Электросталь,example1
Грибов,Даниил,2010-01-01,Мелеуз,example1
Мартынов,Михаил,2010-01-01,Липецк,example1
Горячева,Александра,2010-01-01,Новоуральск,example1
Широков,Кирилл,2010-01-01,Кропоткин,example1
Кудрявцев,Сергей,2010-01-01,Озерск,example1
Михайлова,Маргарита,2010-01-01,Пятигорск,example1
Данилова,Надежда,2010-01-01,Дмитров,example1
Попова,Алиса,2010-01-01,Воронеж,example1
Назарова,Алиса,2010-01-01,Астрахань,example1
Михайлова,София,2010-01-01,Саранск,example1
Максимова,Милана,2010-01-01,Россошь,example1
Васильева,Яна,2010-01-01,Краснодар,example1
Данилов,Максим,2010-01-01,Новый,example1
Субботин,Адам,2010-01-01,Солнечногорск,example1
Богданов,Даниил,2010-01-01,Ржев,example1
Семенова,Полина,2010-01-01,Энгельс,example1
Никифорова,Арина,2010-01-01,Юрга,example1
Лобанов,Иван,2010-01-01,Ялта,example1
Митрофанов,Святослав,2010-01-01,Воркута,example1
Ефимова,Алина,2010-01-01,Электросталь,example1
Панова,Ольга,2010-01-01,Новоалтайск,example1
Хохлов,Николай,2010-01-01,Новокуйбышевск,example1
Котова,Арина,2010-01-01,Сургут,example1
Макарова,Анна,2010-01-01,Железногорск,example1
Давыдова,Алина,2010-01-01,Назарово,example1
Титова,Ульяна,2010-01-01,Новый,example1
Соколова,София,2010-01-01,Елец,example1
Парфенова,София,2010-01-01,Комсомольск-на-Амуре,example1
Кузнецова,Анастасия,2010-01-01,Дубна,example1
Иванова,Василиса,2010-01-01,Сергиев,example1
Вишневская,Мария,2010-01-01,Копейск,example1
Рогова,Виктория,2010-01-01,Клинцы,example1
Прохорова,Злата,2010-01-01,Петропавловск-Камчатский,example1
Колесников,Даниил,2010-01-01,Кирово-Чепецк,example1
Алексеев,Роман,2010-01-01,Озерск,example1
Карташова,Анастасия,2010-01-01,Таганрог,example1
Алексеев,Фёдор,2010-01-01,Всеволожск,example1
Гришина,Анна,2010-01-01,Азов,example1
Сухарев,Кирилл,2010-01-01,Уссурийск,example1
Кузнецова,Виктория,2010-01-01,Петрозаводск,example1
Дмитриев,Андрей,2010-01-01,Челябинск,example1
Горячев,Иван,2010-01-01,Хабаровск,example1
Быков,Сергей,2010-01-01,Керчь,example1
Васильева,Полина,2010-01-01,Москва,example1
Петрова,Мария,2010-01-01,Елабуга,example1
Кудрявцев,Владислав,2010-01-01,Арзамас,example1
Смирнов,Дмитрий,2010-01-01,Невинномысск,example1
Зайцева,Мирослава,2010-01-01,Елец,example1
Лапшин,Вячеслав,2010-01-01,Ейск,example1
Дементьев,Сергей,2010-01-01,Белебей,example1
Овсянников,Дмитрий,2010-01-01,Серпухов,example1
Зубков,Иван,2010-01-01,Донской,example1
Масленникова,Мария,2010-01-01,Когалым,example1
Пономарева,Алёна,2010-01-01,Владивосток,example1
Мещерякова,Полина,2010-01-01,Балахна,example1
Смирнова,Маргарита,2010-01-01,Тюмень,example1
Гаврилов,Алексей,2010-01-01,Зеленодольск,example1
Коновалова,Алиса,2010-01-01,Благовещенск,example1
Гладков,Максим,2010-01-01,Сочи,example1
Бирюкова,Вероника,2010-01-01,Абакан,example1
Ефремова,Анастасия,2010-01-01,Кемерово,example1
Куликова,Алиса,2010-01-01,Хабаровск,example1
Давыдов,Максим,2010-01-01,Шуя,example1
Плотникова,Кира,2010-01-01,Реутов,example1
Дьяков,Дмитрий,2010-01-01,Каменск-Уральский,example1
Платонов,Тимофей,2010-01-01,Сергиев,example1
Зорин,Богдан,2010-01-01,Вологда,example1
Хромов,Михаил,2010-01-01,Лыткарино,example1
Никитина,Алиса,2010-01-01,Черемхово,example1
Иванов,Егор,2010-01-01,Рославль,example1
Борисова,Анна,2010-01-01,Фрязино,example1
Озерова,Таисия,2010-01-01,Клинцы,example1
Климова,Варвара,2010-01-01,Курск,example1
Грачева,Виктория,2010-01-01,Апатиты,example1
Егоров,Александр,2010-01-01,Красноярск,example1
Панов,Владислав,2010-01-01,Орск,example1
Павлов,Никита,2010-01-01,Чистополь,example1
Иванова,Ульяна,2010-01-01,Соликамск,example1
Макарова,Мария,2010-01-01,Тольятти,example1
Медведев,Макар,2010-01-01,Нефтекамск,example1
Артамонова,Вероника,2010-01-01,Батайск,example1
Матвеева,Елизавета,2010-01-01,Железногорск,example1
Марков,Александр,2010-01-01,Полевской,example1
Максимова,Ксения,2010-01-01,Котлас,example1
Егорова,Екатерина,2010-01-01,Клин,example1
Сидорова,Ксения,2010-01-01,Симферополь,example1
Потапова,Ксения,2010-01-01,Юрга,example1
Астафьев,Иван,2010-01-01,Балаково,example1
Шмелев,Кирилл,2010-01-01,Рубцовск,example1
Иванова,Варвара,2010-01-01,Первоуральск,example1
Леонов,Александр,2010-01-01,Биробиджан,example1
Борисов,Владимир,2010-01-01,Новокузнецк,example1
Дмитриева,Мирослава,2010-01-01,Санкт-Петербург,example1